{"cameraMode":{"drawMode":0,"name":"Shaded","section":"Shading Mode"},"sceneLighting":true,"audioPlay":false,"sceneViewState":{"m_AlwaysRefresh":false,"showFog":true,"showSkybox":false,"showFlares":true,"showImageEffects":true,"showParticleSystems":true,"showVisualEffectGraphs":true,"m_FxEnabled":true},"in2DMode":false,"pivot":{"x":-0.009082496166229248,"y":1.2916383743286133,"z":39.97303771972656},"rotation":{"x":-0.10327983647584915,"y":0.08106844127178192,"z":-0.008443239144980908,"w":-0.9913154244422913},"size":5.978734970092773,"orthographic":false}